{"session_file":"6540300261","phone":"79782977500","user_id":"6540300261","app_id":611335,"app_hash":"d524b414d21f4d37f08684c1df41ac9c","sdk":"Elementary OS 5.1.7 Hera","app_version":"5.8.3 arm64 Snap","device":"Razer Blade 15","device_token":null,"device_token_secret":null,"device_secret":null,"signature":null,"certificate":null,"safetynet":null,"perf_cat":null,"tz_offset":null,"register_time":null,"last_check_time":null,"avatar":null,"first_name":"Dima","last_name":null,"username":null,"sex":null,"spam":"none","premium":false,"lang_code":"en","system_lang_code":"en-us","lang_pack":"","twoFA":null,"proxy":null,"ipv6":null,"module":null,"program":null,"time":"14:40:45(25/02/25)"}