{"session_file":"6671917170","phone":"79646355632","user_id":"6671917170","app_id":611335,"app_hash":"d524b414d21f4d37f08684c1df41ac9c","sdk":"Elementary OS 5.1.7 Hera","app_version":"5.8.3 arm64 Snap","device":"Acer Aspire 5","device_token":null,"device_token_secret":null,"device_secret":null,"signature":null,"certificate":null,"safetynet":null,"perf_cat":null,"tz_offset":null,"register_time":null,"last_check_time":null,"avatar":null,"first_name":"Тагир","last_name":null,"username":"Jkyvuhb5aXYCAen","sex":null,"spam":"infinity","premium":false,"lang_code":"en","system_lang_code":"en-us","lang_pack":"","twoFA":null,"proxy":null,"ipv6":null,"module":null,"program":null,"time":"12:33:22(22/02/25)"}