{"session_file":"7044506593","phone":"79534501672","user_id":"7044506593","app_id":611335,"app_hash":"d524b414d21f4d37f08684c1df41ac9c","sdk":"Linux Mint 20.2 Cinnamon","app_version":"5.8.3 arm64 Snap","device":"Dell Precision 5550","device_token":null,"device_token_secret":null,"device_secret":null,"signature":null,"certificate":null,"safetynet":null,"perf_cat":null,"tz_offset":null,"register_time":null,"last_check_time":null,"avatar":null,"first_name":"$olo","last_name":null,"username":null,"sex":null,"spam":"none","premium":false,"lang_code":"en","system_lang_code":"en-us","lang_pack":"","twoFA":null,"proxy":null,"ipv6":null,"module":null,"program":null,"time":"00:05:10(25/02/25)"}