{"session_file":"7221079267","phone":"79067758746","user_id":"7221079267","app_id":611335,"app_hash":"d524b414d21f4d37f08684c1df41ac9c","sdk":"Ubuntu 21.04","app_version":"5.8.3 arm64 Snap","device":"ASUS ROG Zephyrus G14","device_token":null,"device_token_secret":null,"device_secret":null,"signature":null,"certificate":null,"safetynet":null,"perf_cat":null,"tz_offset":null,"register_time":null,"last_check_time":null,"avatar":null,"first_name":"Pebble","last_name":null,"username":null,"sex":null,"spam":"none","premium":false,"lang_code":"en","system_lang_code":"en-us","lang_pack":"","twoFA":null,"proxy":null,"ipv6":null,"module":null,"program":null,"time":"00:14:37(25/02/25)"}