{"session_file":"7267121264","phone":"79508784991","user_id":"7267121264","app_id":611335,"app_hash":"d524b414d21f4d37f08684c1df41ac9c","sdk":"Ubuntu Mate 21.04","app_version":"5.8.3 arm64 Snap","device":"Razer Blade Pro 17","device_token":null,"device_token_secret":null,"device_secret":null,"signature":null,"certificate":null,"safetynet":null,"perf_cat":null,"tz_offset":null,"register_time":null,"last_check_time":null,"avatar":null,"first_name":"Стас","last_name":null,"username":null,"sex":null,"spam":"infinity","premium":false,"lang_code":"en","system_lang_code":"en-us","lang_pack":"","twoFA":null,"proxy":null,"ipv6":null,"module":null,"program":null,"time":"18:34:12(22/02/25)"}