{"session_file":"8163490263","phone":"79916208473","user_id":8163490263,"app_id":2496,"app_hash":"8da85b0d5bfe62527e5b244c209159c3","sdk":"iOS","app_version":"10.4.41 A","device":"Safari 15.3","device_token":null,"device_token_secret":null,"device_secret":null,"signature":null,"certificate":null,"safetynet":null,"perf_cat":null,"tz_offset":null,"register_time":null,"last_check_time":null,"avatar":null,"first_name":"Nikita","last_name":null,"username":null,"sex":null,"lang_code":"ru","system_lang_code":"ru-RU","lang_pack":"android","twoFA":null,"proxy":null,"ipv6":null,"module":null,"program":null,"time":"10:32:27(24.01.25)"}