{"session_file":"8194346294","phone":"79516233397","user_id":8194346294,"app_id":2496,"app_hash":"8da85b0d5bfe62527e5b244c209159c3","sdk":"Windows","app_version":"10.6.21 A","device":"Chrome 109","device_token":null,"device_token_secret":null,"device_secret":null,"signature":null,"certificate":null,"safetynet":null,"perf_cat":null,"tz_offset":null,"register_time":null,"last_check_time":null,"avatar":null,"first_name":"Паша","last_name":"Серков","username":null,"sex":null,"lang_code":"ru","system_lang_code":"ru-RU","lang_pack":"android","twoFA":null,"proxy":null,"ipv6":null,"module":null,"program":null,"time":"11:40:56(05.02.25)"}