{"session_file":"6448235094","phone":"79046064414","user_id":"6448235094","app_id":611335,"app_hash":"d524b414d21f4d37f08684c1df41ac9c","sdk":"Debian 11 Bullseye","app_version":"5.8.3 arm64 Snap","device":"Huawei MateBook 13","device_token":null,"device_token_secret":null,"device_secret":null,"signature":null,"certificate":null,"safetynet":null,"perf_cat":null,"tz_offset":null,"register_time":null,"last_check_time":null,"avatar":null,"first_name":"B3st0r","last_name":null,"username":"Danteeeees","sex":null,"spam":"temp","premium":false,"lang_code":"en","system_lang_code":"en-us","lang_pack":"","twoFA":"4444","proxy":null,"ipv6":null,"module":null,"program":null,"time":"15:53:53(12/02/25)"}